{
  "analysis": {
    "summary": "Key tech/business trends include discussions around age verification on adult content platforms, network issues affecting mobile phone calls but not data, the impact of demand for affordable technology, international trade disputes leading to plant closures, potential solutions for poor train phone signal, protectionist policies against cheap imports, AI research poaching by Meta, drone industry growth in military applications, legal battles over AI copyright, vaccine skepticism, discontinued Trump mobile phones, improvements for Google's lost items tracking, early Prime Day deals, AI-powered app creation, anticipation of future MacBook releases, a 'Social Network' sequel, efforts to open app stores by tech giants, FPV drone criticisms from Ukrainian war veterans, and Apptainer for Linux application containers.",
    "keywords": [
      "pornhub",
      "age",
      "checks",
      "uk",
      "three",
      "network",
      "calls",
      "data",
      "cheap",
      "gadgets",
      "demand",
      "food",
      "giant",
      "biofuel",
      "plant",
      "tariff",
      "deal",
      "fast",
      "tech",
      "warning",
      "meta",
      "recruiting",
      "blitz",
      "openai",
      "researchers",
      "indian",
      "drone",
      "startup",
      "raphe",
      "mphibr",
      "$100m",
      "military",
      "uav",
      "demand",
      "soars",
      "federal",
      "judge",
      "sides",
      "meta",
      "lawsuit",
      "ai",
      "models",
      "copyrighted",
      "books",
      "vaccines",
      "childhood",
      "rfk",
      "jr",
      "panel",
      "trump",
      "mobile",
      "claim",
      "made",
      "usa",
      "google",
      "find",
      "hub",
      "network",
      "tweak",
      "deals",
      "prime",
      "the",
      "verge",
      "meta",
      "ai",
      "copyright",
      "warning",
      "fair",
      "use",
      "anthropic",
      "apps",
      "claude",
      "ai",
      "chatbot",
      "engadget",
      "macbook",
      "2025",
      "aaron",
      "sorkin",
      "social",
      "network",
      "sequel",
      "us",
      "senators",
      "reintroduce",
      "bill",
      "open",
      "apple",
      "google",
      "app",
      "stores",
      "hacker",
      "news",
      "fpv",
      "drones",
      "ukrainian",
      "war",
      "veterans",
      "apptainer",
      "linux"
    ],
    "trending_topics": [
      "adult content regulation",
      "network issues",
      "affordable technology demand",
      "trade disputes",
      "app store openness",
      "AI copyright battles",
      "drone industry growth",
      "vaccine skepticism",
      "discontinued tech products",
      "lost items tracking improvements",
      "early sale deals",
      "AI-powered app creation",
      "future laptop releases",
      "sequels to popular media",
      "fair use concerns"
    ],
    "search_keywords": [
      "pornhub",
      "age",
      "checks",
      "uk",
      "three",
      "network",
      "calls",
      "data",
      "cheap",
      "gadgets",
      "demand",
      "food",
      "giant",
      "biofuel",
      "plant",
      "tariff",
      "deal",
      "fast",
      "tech",
      "warning",
      "meta",
      "recruiting",
      "blitz",
      "openai",
      "researchers",
      "indian",
      "drone",
      "startup",
      "raphe",
      "mphibr",
      "$100m",
      "military",
      "uav",
      "demand",
      "soars",
      "federal",
      "judge",
      "sides",
      "meta",
      "lawsuit",
      "ai",
      "models",
      "copyrighted",
      "books",
      "vaccines",
      "childhood",
      "rfk",
      "jr",
      "panel",
      "trump",
      "mobile",
      "claim",
      "made",
      "usa",
      "google",
      "find",
      "hub",
      "network",
      "tweak",
      "deals",
      "prime",
      "the",
      "verge",
      "meta",
      "ai",
      "copyright",
      "warning",
      "fair",
      "use",
      "anthropic",
      "apps",
      "claude",
      "ai",
      "chatbot",
      "engadget",
      "macbook",
      "2025",
      "aaron",
      "sorkin",
      "social",
      "network",
      "sequel",
      "us",
      "senators",
      "reintroduce",
      "bill",
      "open",
      "apple",
      "google",
      "app",
      "stores",
      "hacker",
      "news",
      "fpv",
      "drones",
      "ukrainian",
      "war",
      "veterans",
      "apptainer",
      "linux"
    ],
    "analysis_timestamp": "2025-06-26T07:24:00.983038"
  },
  "focus": "technology_and_business",
  "headline_count": 24,
  "sources_analyzed": [
    "BBC Technology",
    "Ars Technica",
    "Engadget",
    "TechCrunch",
    "Slashdot",
    "BBC Business",
    "The Verge",
    "Hacker News"
  ],
  "raw_headlines": [
    {
      "title": "Pornhub to introduce 'government approved' age checks in UK",
      "source": "BBC Technology",
      "category": "technology",
      "url": "https://www.bbc.com/news/articles/cr5v2lz5vl6o",
      "published": "Thu, 26 Jun 2025 09:56:58 GMT",
      "summary": "It is one of a number of porn sites which regulator Ofcom says will bring in tougher age verification for users."
    },
    {
      "title": "Three network phone calls down but data still working",
      "source": "BBC Technology",
      "category": "technology",
      "url": "https://www.bbc.com/news/articles/cdxlqeyw95no",
      "published": "Wed, 25 Jun 2025 11:15:35 GMT",
      "summary": "The phone operator said it was \"aware of an issue affecting voice services\" and apologised for disruption."
    },
    {
      "title": "'Fast tech' warning as demand for cheap gadgets heats up",
      "source": "BBC Technology",
      "category": "technology",
      "url": "https://www.bbc.com/news/articles/cx20kd173z1o",
      "published": "Tue, 24 Jun 2025 23:02:05 GMT",
      "summary": "A not-for-profit warns cheap, quickly disposed of gadgets could become the new  \"fast fashion\"."
    },
    {
      "title": "Food giant threatens to close UK biofuel plant after US tariff deal",
      "source": "BBC Business",
      "category": "business",
      "url": "https://www.bbc.com/news/articles/cm2zj9z5z44o",
      "published": "Thu, 26 Jun 2025 10:54:40 GMT",
      "summary": "AB Foods warns it will shut the UK's biggest bioethanol producer unless the government steps in."
    },
    {
      "title": "No phone signal on your train? There may be a fix - by 2028",
      "source": "BBC Business",
      "category": "business",
      "url": "https://www.bbc.com/news/articles/cq53zzpvlqzo",
      "published": "Thu, 26 Jun 2025 10:09:49 GMT",
      "summary": "Network Rail signs a deal which it says will lead to an improvement to phone connectivity on trains and stations."
    },
    {
      "title": "Pledge to protect UK firms from cheap imports",
      "source": "BBC Business",
      "category": "business",
      "url": "https://www.bbc.com/news/articles/cr5v2821q2ro",
      "published": "Thu, 26 Jun 2025 10:45:48 GMT",
      "summary": "The government's plan comes as UK businesses worry about the impact of US President Donald Trump's trade tariffs."
    },
    {
      "title": "Meta’s recruiting blitz claims three OpenAI researchers",
      "source": "TechCrunch",
      "category": "technology",
      "url": "https://techcrunch.com/2025/06/25/metas-recruiting-blitz-claims-three-openai-researchers/",
      "published": "Thu, 26 Jun 2025 04:50:12 +0000",
      "summary": "In the fight for top AI talent, Meta just reportedly snagged a win, poaching three OpenAI researchers despite rival Sam Altman&#8217;s public mockery of Mark Zuckerberg&#8217;s lavish hiring tactics. The latest victory in Zuckerberg&#8217;s widely-reported recruiting blitz: Lucas Beyer, Alexander Ko"
    },
    {
      "title": "Indian drone startup Raphe mPhibr raises $100M as military UAV demand soars",
      "source": "TechCrunch",
      "category": "technology",
      "url": "https://techcrunch.com/2025/06/25/indian-drone-startup-raphe-mphibr-raises-100m-as-military-uav-demand-soars/",
      "published": "Thu, 26 Jun 2025 02:00:00 +0000",
      "summary": "The startup aims to boost its R&#038;D and local production capabilities amid growing demand for drones in battlefields and for border surveillance."
    },
    {
      "title": "Federal judge sides with Meta in lawsuit over training AI models on copyrighted books",
      "source": "TechCrunch",
      "category": "technology",
      "url": "https://techcrunch.com/2025/06/25/federal-judge-sides-with-meta-in-lawsuit-over-training-ai-models-on-copyrighted-books/",
      "published": "Wed, 25 Jun 2025 23:40:32 +0000",
      "summary": "A federal judge sided with Meta on Wednesday in a lawsuit brought against the company by 13 book authors, including Sarah Silverman, that alleged the company had illegally trained its AI models on their copyrighted works."
    },
    {
      "title": "All childhood vaccines in question after first meeting of RFK Jr.’s vaccine panel",
      "source": "Ars Technica",
      "category": "technology",
      "url": "https://arstechnica.com/health/2025/06/all-childhood-vaccines-in-question-after-first-meeting-of-rfk-jr-s-vaccine-panel/",
      "published": "Wed, 25 Jun 2025 23:04:25 +0000",
      "summary": "Overall, the meeting was packed with anti-vaccine talking points and arguments."
    },
    {
      "title": "After a week, Trump Mobile drops claim that Trump phone is “made in the USA”",
      "source": "Ars Technica",
      "category": "technology",
      "url": "https://arstechnica.com/gadgets/2025/06/after-a-week-trump-mobile-drops-claim-that-trump-phone-is-made-in-the-usa/",
      "published": "Wed, 25 Jun 2025 22:39:33 +0000",
      "summary": "Trump T1 phone isn't \"made in the USA\" but is \"designed with American values.\""
    },
    {
      "title": "Google’s spotty Find Hub network could get better thanks to a small setup tweak",
      "source": "Ars Technica",
      "category": "technology",
      "url": "https://arstechnica.com/gadgets/2025/06/googles-spotty-find-hub-network-could-get-better-thanks-to-a-small-setup-tweak/",
      "published": "Wed, 25 Jun 2025 20:53:53 +0000",
      "summary": "Expanded device tracking is still opt-in."
    },
    {
      "title": "Here are 14 of our favorite deals from Amazon’s early Prime Day sale",
      "source": "The Verge",
      "category": "technology",
      "url": "https://www.theverge.com/tech/692002/amazon-prime-day-best-early-deals-2025",
      "published": "2025-06-25T20:15:33-04:00",
      "summary": "Amazon’s next Prime Day event hasn’t officially kicked off yet, but in classic Amazon fashion, the retailer has already dropped a selection of early deals ahead of its four-day sale. While steeper discounts are not likely to arrive until next month, many of the current offers are already worth consi"
    },
    {
      "title": "Meta&#8217;s AI copyright win comes with a warning about fair use",
      "source": "The Verge",
      "category": "technology",
      "url": "https://www.theverge.com/news/693437/meta-ai-copyright-win-fair-use-warning",
      "published": "2025-06-25T20:13:44-04:00",
      "summary": "Meta won a major legal ruling in an AI copyright lawsuit brought by 13 authors alleging that the company illegally trained its AI systems on their work without permission. On Wednesday, Judge Vince Chhabria ruled in Meta’s favor, saying it is “entitled to summary judgment on its fair use defense to "
    },
    {
      "title": "Anthropic now lets you make apps right from its Claude AI chatbot",
      "source": "The Verge",
      "category": "technology",
      "url": "https://www.theverge.com/news/693342/anthropic-claude-ai-apps-artifact",
      "published": "2025-06-25T18:33:29-04:00",
      "summary": "Anthropic is adding a new feature to its Claude AI chatbot that lets you build AI-powered apps right inside the app. The upgrade, launching in beta, builds upon Anthropic’s Artifacts feature introduced last year that lets you see and interact with what you ask Claude to make. “Start building in the "
    },
    {
      "title": "The best MacBook for 2025: Which Apple laptop should you buy?",
      "source": "Engadget",
      "category": "technology",
      "url": "https://www.engadget.com/computing/laptops/best-macbook-140032524.html?src=rss",
      "published": "Thu, 26 Jun 2025 09:01:26 +0000",
      "summary": "<p>As expected, Apple didn’t reveal any new hardware during <a href=\"https://www.engadget.com/big-tech/wwdc-2025-everything-apple-announced-including-ios-26-liquid-glass-design-and-more-171718030.html\">WWDC</a> this year. The event is typically reserved for announcing software and services upgrades,"
    },
    {
      "title": "Aaron Sorkin is making a second 'Social Network' movie",
      "source": "Engadget",
      "category": "technology",
      "url": "https://www.engadget.com/entertainment/tv-movies/aaron-sorkin-is-making-a-second-social-network-movie-221555267.html?src=rss",
      "published": "Wed, 25 Jun 2025 22:15:55 +0000",
      "summary": "<p>We're getting yet another Hollywood sequel. <a class=\"no-affiliate-link\" href=\"https://deadline.com/2025/06/the-social-network-sequel-aaron-sorkin-1236439539/\"><em>Deadline</em></a> reports that Aaron Sorkin will be directing <em>The Social Network II</em>, a follow-up to the film that chronicled"
    },
    {
      "title": "US senators reintroduce bill to open Apple and Google's app stores",
      "source": "Engadget",
      "category": "technology",
      "url": "https://www.engadget.com/big-tech/us-senators-reintroduce-bill-to-open-apple-and-googles-app-stores-215037373.html?src=rss",
      "published": "Wed, 25 Jun 2025 21:50:37 +0000",
      "summary": "<p>Senators Marsha Blacburn (R-Tenn.), Mike Blumenthal (D-Conn.), Amy Klobuchar (D-Minn.) Dick Durbin (D-Ill.) and Mike Lee (R-Utah) have <a class=\"no-affiliate-link\" href=\"https://www.blackburn.senate.gov/2025/6/technology/blackburn-blumenthal-lee-klobuchar-and-durbin-introduce-bipartisan-antitrust"
    },
    {
      "title": "I Fought in Ukraine and Here's Why FPV Drones Kind of Suck",
      "source": "Hacker News",
      "category": "technology",
      "url": "https://warontherocks.com/2025/06/i-fought-in-ukraine-and-heres-why-fpv-drones-kind-of-suck/",
      "published": "Thu, 26 Jun 2025 10:11:51 +0000",
      "summary": "<p>Article URL: <a href=\"https://warontherocks.com/2025/06/i-fought-in-ukraine-and-heres-why-fpv-drones-kind-of-suck/\">https://warontherocks.com/2025/06/i-fought-in-ukraine-and-heres-why-fpv-drones-kind-of-suck/</a></p>\n<p>Comments URL: <a href=\"https://news.ycombinator.com/item?id=44385892\">https:/"
    },
    {
      "title": "Apptainer: Application Containers for Linux",
      "source": "Hacker News",
      "category": "technology",
      "url": "https://apptainer.org/",
      "published": "Thu, 26 Jun 2025 09:45:21 +0000",
      "summary": "<p>Article URL: <a href=\"https://apptainer.org/\">https://apptainer.org/</a></p>\n<p>Comments URL: <a href=\"https://news.ycombinator.com/item?id=44385742\">https://news.ycombinator.com/item?id=44385742</a></p>\n<p>Points: 33</p>\n<p># Comments: 18</p>"
    },
    {
      "title": "The first non-opoid painkiller",
      "source": "Hacker News",
      "category": "technology",
      "url": "https://www.worksinprogress.news/p/the-first-non-opioid-painkiller",
      "published": "Thu, 26 Jun 2025 09:16:53 +0000",
      "summary": "<p>Article URL: <a href=\"https://www.worksinprogress.news/p/the-first-non-opioid-painkiller\">https://www.worksinprogress.news/p/the-first-non-opioid-painkiller</a></p>\n<p>Comments URL: <a href=\"https://news.ycombinator.com/item?id=44385612\">https://news.ycombinator.com/item?id=44385612</a></p>\n<p>Po"
    },
    {
      "title": "New Datacenter In Italy Captures Heat Waste",
      "source": "Slashdot",
      "category": "technology",
      "url": "https://hardware.slashdot.org/story/25/06/26/0032258/new-datacenter-in-italy-captures-heat-waste?utm_source=rss1.0mainlinkanon&utm_medium=feed",
      "published": "",
      "summary": "Italian utility A2A and French tech firm Qarnot have launched a data center in Brescia, Italy, that captures waste heat from servers and redirects it to a local district heating system. \"The Brescia project is expected to meet the heating needs of more than 1,350 apartments and cut carbon dioxide em"
    },
    {
      "title": "James Webb Space Telescope Discovers Its First Exoplanet",
      "source": "Slashdot",
      "category": "technology",
      "url": "https://science.slashdot.org/story/25/06/25/2112219/james-webb-space-telescope-discovers-its-first-exoplanet?utm_source=rss1.0mainlinkanon&utm_medium=feed",
      "published": "",
      "summary": "The James Webb Space Telescope has discovered its first new exoplanet, TWA 7b -- a young, low-mass planet about 100 times the mass of Earth, making it the lightest planet ever directly imaged beyond the solar system. Space.com reports: TWA 7b was discovered in the debris rings that surround the low-"
    },
    {
      "title": "Swarms of Tiny Nose Robots Could Clear Infected Sinuses, Researchers Say",
      "source": "Slashdot",
      "category": "technology",
      "url": "https://hardware.slashdot.org/story/25/06/25/218250/swarms-of-tiny-nose-robots-could-clear-infected-sinuses-researchers-say?utm_source=rss1.0mainlinkanon&utm_medium=feed",
      "published": "",
      "summary": "An anonymous reader quotes a report from The Guardian: Swarms of tiny robots, each no larger than a speck of dust, could be deployed to cure stubborn infected sinuses before being blown out through the nose into a tissue, researchers have claimed. The micro-robots are a fraction of the width of a hu"
    }
  ]
}