{
  "analysis": {
    "summary": "Tech headlines focus on Google's potential changes to UK search, Tesla's robotaxi launches in Texas, and advancements in AI and technology such as a revolutionary telescope and DNA editing. Business news covers oil price fluctuations due to geopolitical events, new product releases like the Raleigh One e-bike and Yale's Google Home smart lock, and tech company updates including Tesla's robotaxi rides facing initial challenges.",
    "keywords": [
      "google",
      "uk",
      "search",
      "changes",
      "tesla",
      "robotaxi",
      "texas",
      "low-key",
      "launch",
      "celestial",
      "image",
      "revolutionary",
      "telescope",
      "ai",
      "device",
      "openai",
      "io",
      "federal",
      "regulators",
      "tesla's",
      "robotaxis",
      "bumps",
      "e-bike",
      "vanmoof",
      "dna",
      "editing",
      "mice",
      "viable",
      "civilization",
      "vii",
      "update",
      "traditionalists",
      "yale",
      "google",
      "home",
      "smart",
      "lock",
      "tariffs",
      "samsung",
      "unpacked",
      "event",
      "july",
      "apple",
      "liquid",
      "glass",
      "finder"
    ],
    "trending_topics": [
      "Technological advancements (AI, telescope)",
      "Business and product launches (e-bike, smart lock, Samsung event)",
      "Geopolitical impacts (oil prices, Iran ceasefire)"
    ],
    "search_keywords": [
      "google",
      "uk",
      "search",
      "changes",
      "tesla",
      "robotaxi",
      "texas",
      "low-key",
      "launch",
      "celestial",
      "image",
      "revolutionary",
      "telescope",
      "ai",
      "device",
      "openai",
      "io",
      "federal",
      "regulators",
      "tesla's",
      "robotaxis",
      "bumps",
      "e-bike",
      "vanmoof",
      "dna",
      "editing",
      "mice",
      "viable",
      "civilization",
      "vii",
      "update",
      "traditionalists",
      "yale",
      "google",
      "home",
      "smart",
      "lock",
      "tariffs",
      "samsung",
      "unpacked",
      "event",
      "july",
      "apple",
      "liquid",
      "glass",
      "finder"
    ],
    "analysis_timestamp": "2025-06-24T04:40:12.126790"
  },
  "focus": "technology_and_business",
  "headline_count": 26,
  "sources_analyzed": [
    "BBC World",
    "Ars Technica",
    "BBC Business",
    "The Verge",
    "TechCrunch",
    "BBC Technology",
    "Hacker News",
    "Engadget",
    "Slashdot"
  ],
  "raw_headlines": [
    {
      "title": "Google may be forced to make changes to UK search",
      "source": "BBC Technology",
      "category": "technology",
      "url": "https://www.bbc.com/news/articles/cy4ym77rkgeo",
      "published": "Tue, 24 Jun 2025 06:32:31 GMT",
      "summary": "The Competition and Markets Authority says it wants to open up the UK search market."
    },
    {
      "title": "Tesla robotaxi 'low-key' launch in Texas",
      "source": "BBC Technology",
      "category": "technology",
      "url": "https://www.bbc.com/news/articles/cjwnlje3yp1o",
      "published": "Mon, 23 Jun 2025 10:52:41 GMT",
      "summary": "Tesla hopes to rival firms already offering driverless ride-hailing in the US and around the world, such as Waymo, Zoox and Baidu."
    },
    {
      "title": "First celestial image unveiled from revolutionary telescope",
      "source": "BBC Technology",
      "category": "technology",
      "url": "https://www.bbc.com/news/articles/cj3rmjjgx6xo",
      "published": "Mon, 23 Jun 2025 16:35:11 GMT",
      "summary": "The telescope should detect killer asteroids and may even find the ninth planet in our solar system."
    },
    {
      "title": "Oil prices tumble after Israel agrees to Iran ceasefire",
      "source": "BBC Business",
      "category": "business",
      "url": "https://www.bbc.com/news/articles/crk6elpx4gpo",
      "published": "Tue, 24 Jun 2025 08:00:23 GMT",
      "summary": "Crude has dropped by more than 5% with prices now below the level when Israel first launched its attack."
    },
    {
      "title": "Google may be forced to make changes to UK search",
      "source": "BBC Business",
      "category": "business",
      "url": "https://www.bbc.com/news/articles/cy4ym77rkgeo",
      "published": "Tue, 24 Jun 2025 06:32:31 GMT",
      "summary": "The Competition and Markets Authority says it wants to open up the UK search market."
    },
    {
      "title": "Tesla robotaxi 'low-key' launch in Texas",
      "source": "BBC Business",
      "category": "business",
      "url": "https://www.bbc.com/news/articles/cjwnlje3yp1o",
      "published": "Mon, 23 Jun 2025 10:52:41 GMT",
      "summary": "Tesla hopes to rival firms already offering driverless ride-hailing in the US and around the world, such as Waymo, Zoox and Baidu."
    },
    {
      "title": "What we know about Iran's attack on US base in Qatar",
      "source": "BBC World",
      "category": "world",
      "url": "https://www.bbc.com/news/articles/cdjxdgjpd48o",
      "published": "Mon, 23 Jun 2025 18:14:33 GMT",
      "summary": "The Iranian military confirms it launched missiles in retaliation for American strikes against its nuclear sites."
    },
    {
      "title": "Nine killed in Kyiv in intense Russian air attack",
      "source": "BBC World",
      "category": "world",
      "url": "https://www.bbc.com/news/articles/c0k7vll16l3o",
      "published": "Mon, 23 Jun 2025 13:12:01 GMT",
      "summary": "Russian missiles and drones hit residential areas and hospitals in Ukraine's Kyiv region, the interior minister says."
    },
    {
      "title": "Google introduces AI mode to users in India",
      "source": "TechCrunch",
      "category": "technology",
      "url": "https://techcrunch.com/2025/06/23/google-introduces-ai-mode-to-users-in-india/",
      "published": "Tue, 24 Jun 2025 05:40:04 +0000",
      "summary": "Google introduced its AI mode, a Q&#38;A-style search tool, to users in India today. The company said that this tool is still in the experimental stage and users will need to opt in to it through Search Labs. Once a user has opted in, they can ask queries in English. Google didn&#8217;t specify whet"
    },
    {
      "title": "Court filings reveal OpenAI and io’s early work on an AI device",
      "source": "TechCrunch",
      "category": "technology",
      "url": "https://techcrunch.com/2025/06/23/court-filings-reveal-openai-and-ios-early-work-on-an-ai-device/",
      "published": "Mon, 23 Jun 2025 23:44:38 +0000",
      "summary": "The ChatGPT maker seems to be more than a year out from selling its first hardware device, which may not be an in-ear product whatsoever. Given what the company said in this lawsuit, it appears it is also exploring other form factors."
    },
    {
      "title": "Tesla’s robotaxis have already caught the attention of federal safety regulators",
      "source": "TechCrunch",
      "category": "technology",
      "url": "https://techcrunch.com/2025/06/23/teslas-robotaxis-have-already-caught-the-attention-of-federal-safety-regulators/",
      "published": "Mon, 23 Jun 2025 22:44:39 +0000",
      "summary": "The U.S. National Highway Traffic Safety Administration (NHTSA) contacted Tesla after numerous videos posted online appear to show Tesla robotaxis violating traffic laws in South Austin, where the company is providing rides to invited customers."
    },
    {
      "title": "Researchers get viable mice by editing DNA from two sperm",
      "source": "Ars Technica",
      "category": "technology",
      "url": "https://arstechnica.com/science/2025/06/researchers-get-viable-mice-by-editing-dna-from-two-sperm/",
      "published": "Mon, 23 Jun 2025 21:34:11 +0000",
      "summary": "Altering chemical modifications of DNA lets the DNA from two sperm make a mouse."
    },
    {
      "title": "With 1.2.2 update, Civilization VII tries to win back traditionalists",
      "source": "Ars Technica",
      "category": "technology",
      "url": "https://arstechnica.com/gaming/2025/06/civilization-vii-patch-lets-you-turn-off-some-controversial-new-features/",
      "published": "Mon, 23 Jun 2025 20:26:11 +0000",
      "summary": "Players can now disable Legacy Paths, Crisis, and quite a bit more."
    },
    {
      "title": "Ted Cruz can’t get all Republicans to back his fight against state AI laws",
      "source": "Ars Technica",
      "category": "technology",
      "url": "https://arstechnica.com/tech-policy/2025/06/ted-cruz-cant-get-all-republicans-to-back-his-fight-against-state-ai-laws/",
      "published": "Mon, 23 Jun 2025 20:02:12 +0000",
      "summary": "Cruz plan moves ahead but was reportedly watered down amid Republican opposition."
    },
    {
      "title": "Raleigh One e-bike launches with VanMoof DNA",
      "source": "The Verge",
      "category": "technology",
      "url": "https://www.theverge.com/news/690922/raleigh-one-vanmoof-e-bike-carlier-price-date",
      "published": "2025-06-24T03:00:00-04:00",
      "summary": "The Raleigh One e-bike is now official after&#160;The Verge&#160;first published details of it last week. It was developed for the Accell Group’s Raleigh brand with help from VanMoof’s cofounders, Ties and Taco Carlier, according to my sources. The announcement never mentions their involvement, whic"
    },
    {
      "title": "OpenAI’s first AI device with Jony Ive won’t be a wearable",
      "source": "The Verge",
      "category": "technology",
      "url": "https://www.theverge.com/openai/691737/openai-jony-ive-chatgpt-io-ai-device-wearable-headphone-lyo-lawsuit",
      "published": "2025-06-23T22:01:54-04:00",
      "summary": "Thanks to a related trademark lawsuit, we know what OpenAI and Jony Ive's first AI device won't be. In court filings submitted this month, leaders from io - the consumer hardware team OpenAI recently acquired from Jony Ive's design studio for $6.5 billion - testified that the first device they plan "
    },
    {
      "title": "Yale’s new Google Home smart lock is here — but it costs more thanks to tariffs",
      "source": "The Verge",
      "category": "technology",
      "url": "https://www.theverge.com/news/691695/google-nest-yale-smart-lock-with-matter-price-release-date-specs",
      "published": "2025-06-23T20:02:17-04:00",
      "summary": "The Yale Smart Lock with Matter is launching tomorrow, June 24th, for $189.99 — $20 more than when it was first announced in March. Yale tells The Verge the price increase is due to the impact of tariffs. The lock will be available on Amazon and Yale’s website. According to Yale, the new smart lock "
    },
    {
      "title": "The next Samsung Unpacked event takes place on July 9",
      "source": "Engadget",
      "category": "technology",
      "url": "https://www.engadget.com/mobile/smartphones/the-next-samsung-unpacked-event-takes-place-on-july-9-230044736.html?src=rss",
      "published": "Mon, 23 Jun 2025 23:00:44 +0000",
      "summary": "<p>It's almost time for another one of Samsung's Unpacked events. The third Unpacked to be held this year (following installments in <a href=\"https://www.engadget.com/samsung-unpacked-2025-live-updates-on-the-galaxy-25-launch-galaxy-ai-and-more-110043358.html\">January</a> and <a href=\"https://www.en"
    },
    {
      "title": "Apple read your mean tweets about Liquid Glass and Finder",
      "source": "Engadget",
      "category": "technology",
      "url": "https://www.engadget.com/big-tech/apple-read-your-mean-tweets-about-liquid-glass-and-finder-222230726.html?src=rss",
      "published": "Mon, 23 Jun 2025 22:22:30 +0000",
      "summary": "<p>The more things change, the more they stay the same. After unveiling some new visual elements to the next generation of its operating systems during <a class=\"no-affiliate-link\" href=\"https://www.engadget.com/big-tech/wwdc-2025-ios-26-new-liquid-glass-design-and-everything-else-apple-announced-17"
    },
    {
      "title": "Tesla's first robotaxi rides are already running into a few bumps",
      "source": "Engadget",
      "category": "technology",
      "url": "https://www.engadget.com/transportation/teslas-first-robotaxi-rides-are-already-running-into-a-few-bumps-205308245.html?src=rss",
      "published": "Mon, 23 Jun 2025 20:53:08 +0000",
      "summary": "<p>Tesla launched its <a class=\"no-affiliate-link\" href=\"https://www.engadget.com/transportation/teslas-first-robotaxi-rides-kick-off-in-austin-texas-100015076.html\">robotaxi service</a> over the weekend, with <a class=\"no-affiliate-link\" href=\"https://www.engadget.com/transportation/teslas-robotaxi"
    },
    {
      "title": "Solving LinkedIn Queens Using Haskell",
      "source": "Hacker News",
      "category": "technology",
      "url": "https://imiron.io/post/linkedin-queens/",
      "published": "Tue, 24 Jun 2025 07:29:08 +0000",
      "summary": "<p>Article URL: <a href=\"https://imiron.io/post/linkedin-queens/\">https://imiron.io/post/linkedin-queens/</a></p>\n<p>Comments URL: <a href=\"https://news.ycombinator.com/item?id=44363696\">https://news.ycombinator.com/item?id=44363696</a></p>\n<p>Points: 19</p>\n<p># Comments: 5</p>"
    },
    {
      "title": "Tell HN: Meta developer account suspended",
      "source": "Hacker News",
      "category": "technology",
      "url": "https://news.ycombinator.com/item?id=44363262",
      "published": "Tue, 24 Jun 2025 06:04:21 +0000",
      "summary": "<p>Hi all, my Meta developer account was suddenly restricted without warning, and there’s no way to appeal or reach support. I believe this may have been triggered by a location (read, IP address) change: I’m a student-entrepreneur who recently moved from China to Kenya for school holidays.<p>I’m bu"
    },
    {
      "title": "The No Fakes act has changed – And it’s so much worse",
      "source": "Hacker News",
      "category": "technology",
      "url": "https://www.eff.org/deeplinks/2025/06/no-fakes-act-has-changed-and-its-so-much-worse",
      "published": "Tue, 24 Jun 2025 05:34:24 +0000",
      "summary": "<p>Article URL: <a href=\"https://www.eff.org/deeplinks/2025/06/no-fakes-act-has-changed-and-its-so-much-worse\">https://www.eff.org/deeplinks/2025/06/no-fakes-act-has-changed-and-its-so-much-worse</a></p>\n<p>Comments URL: <a href=\"https://news.ycombinator.com/item?id=44363106\">https://news.ycombinato"
    },
    {
      "title": "Goldman Sachs Launches AI Assistant Firmwide, With 10,000 Employees Already Using It",
      "source": "Slashdot",
      "category": "technology",
      "url": "https://slashdot.org/story/25/06/24/006220/goldman-sachs-launches-ai-assistant-firmwide-with-10000-employees-already-using-it?utm_source=rss1.0mainlinkanon&utm_medium=feed",
      "published": "",
      "summary": "Goldman Sachs has officially rolled out a generative AI assistant across the company to enhance productivity, with around 10,000 employees already using it for tasks like summarizing documents and data analysis. Reuters reports: With the AI tool's official company-wide launch, Goldman joins a long l"
    },
    {
      "title": "China Smashes Solar Installation Record In May",
      "source": "Slashdot",
      "category": "technology",
      "url": "https://hardware.slashdot.org/story/25/06/23/2342253/china-smashes-solar-installation-record-in-may?utm_source=rss1.0mainlinkanon&utm_medium=feed",
      "published": "",
      "summary": "An anonymous reader quotes a report from OilPrice.com: China installed its highest solar power capacity for a single month in May, according to official data, which showed mind-boggling figures that the country installed more solar capacity in a month than any other nation did for the entire 2024. W"
    },
    {
      "title": "Xbox App For PC Now Integrates Your Steam Games",
      "source": "Slashdot",
      "category": "technology",
      "url": "https://games.slashdot.org/story/25/06/23/2356213/xbox-app-for-pc-now-integrates-your-steam-games?utm_source=rss1.0mainlinkanon&utm_medium=feed",
      "published": "",
      "summary": "Microsoft is turning the Xbox App on PC into a universal game launcher by integrating libraries from multiple storefronts like Steam. The feature is currently limited to those in the Xbox Insider program. From the announcement: With the aggregated gaming library, players can conveniently launch game"
    }
  ]
}