{
  "analysis": {
    "summary": "Tech news covers AI, space exploration, self-driving technology, and consumer electronics. Business news focuses on council tax debt, IVF costs, mobile phone usage, and upcoming sales events.",
    "keywords": [
      "network",
      "fast",
      "tech",
      "demand",
      "cheap",
      "gadgets",
      "council",
      "tax",
      "billions",
      "ivf",
      "middleman",
      "mobile",
      "nato",
      "defence",
      "spending",
      "collective",
      "security",
      "ironclad",
      "firefighters",
      "girl",
      "drain",
      "seven",
      "hours",
      "india",
      "astronaut",
      "space",
      "years",
      "kodiak",
      "vay",
      "remote",
      "driving",
      "trucks",
      "daydream",
      "ai",
      "chatbot",
      "fashion",
      "lux",
      "aeterna",
      "satellites",
      "reusable",
      "axion",
      "dark",
      "matter",
      "hms",
      "endeavour",
      "wreck",
      "confirmed",
      "philips",
      "hue",
      "bulbs",
      "expensive",
      "fairphone",
      "swappable",
      "accessories",
      "veloretti",
      "e-bike",
      "lighter",
      "cheaper",
      "prime",
      "day",
      "deals",
      "air",
      "purifier",
      "blink",
      "security",
      "cameras"
    ],
    "trending_topics": [
      "AI technology",
      "Space exploration",
      "Self-driving vehicles",
      "Consumer electronics",
      "Council tax debt",
      "IVF costs",
      "Mobile phone usage",
      "Upcoming sales events"
    ],
    "search_keywords": [
      "network",
      "fast",
      "tech",
      "demand",
      "cheap",
      "gadgets",
      "council",
      "tax",
      "billions",
      "ivf",
      "middleman",
      "mobile",
      "nato",
      "defence",
      "spending",
      "collective",
      "security",
      "ironclad",
      "firefighters",
      "girl",
      "drain",
      "seven",
      "hours",
      "india",
      "astronaut",
      "space",
      "years",
      "kodiak",
      "vay",
      "remote",
      "driving",
      "trucks",
      "daydream",
      "ai",
      "chatbot",
      "fashion",
      "lux",
      "aeterna",
      "satellites",
      "reusable",
      "axion",
      "dark",
      "matter",
      "hms",
      "endeavour",
      "wreck",
      "confirmed",
      "philips",
      "hue",
      "bulbs",
      "expensive",
      "fairphone",
      "swappable",
      "accessories",
      "veloretti",
      "e-bike",
      "lighter",
      "cheaper",
      "prime",
      "day",
      "deals",
      "air",
      "purifier",
      "blink",
      "security",
      "cameras"
    ],
    "analysis_timestamp": "2025-06-25T09:00:14.062947"
  },
  "focus": "technology_and_business",
  "headline_count": 27,
  "sources_analyzed": [
    "Slashdot",
    "BBC Business",
    "Engadget",
    "The Verge",
    "BBC World",
    "TechCrunch",
    "Hacker News",
    "Ars Technica",
    "BBC Technology"
  ],
  "raw_headlines": [
    {
      "title": "Three network phone calls down but data still working",
      "source": "BBC Technology",
      "category": "technology",
      "url": "https://www.bbc.com/news/articles/cdxlqeyw95no",
      "published": "Wed, 25 Jun 2025 11:15:35 GMT",
      "summary": "The phone operator said it was \"aware of an issue affecting voice services\" and apologised for disruption."
    },
    {
      "title": "'Fast tech' warning as demand for cheap gadgets heats up",
      "source": "BBC Technology",
      "category": "technology",
      "url": "https://www.bbc.com/news/articles/cx20kd173z1o",
      "published": "Tue, 24 Jun 2025 23:02:05 GMT",
      "summary": "A not-for-profit warns cheap, quickly disposed of gadgets could become the new  \"fast fashion\"."
    },
    {
      "title": "Judge backs AI firm over use of copyrighted books",
      "source": "BBC Technology",
      "category": "technology",
      "url": "https://www.bbc.com/news/articles/c77vr00enzyo",
      "published": "Wed, 25 Jun 2025 09:55:59 GMT",
      "summary": "A US court has ruled Anthropic was not breaching copyright rules when it trained its AI model on books."
    },
    {
      "title": "People owe billions in council tax ahead of rises",
      "source": "BBC Business",
      "category": "business",
      "url": "https://www.bbc.com/news/articles/cd78e5w04vdo",
      "published": "Wed, 25 Jun 2025 11:58:53 GMT",
      "summary": "Figures show households are more than £8bn in arrears, as campaigners call for a change of approach."
    },
    {
      "title": "I lost £15,000 after going to an IVF middleman",
      "source": "BBC Business",
      "category": "business",
      "url": "https://www.bbc.com/news/articles/cm2eyzndlvvo",
      "published": "Wed, 25 Jun 2025 09:49:56 GMT",
      "summary": "Companies that act as \"middlemen\" between patients and doctors are not regulated by the fertility watchdog."
    },
    {
      "title": "Brits spending more time on mobile phones than TV",
      "source": "BBC Business",
      "category": "business",
      "url": "https://www.bbc.com/news/articles/crrqdw9v02eo",
      "published": "Wed, 25 Jun 2025 10:31:54 GMT",
      "summary": "The amount of time Individuals spend looking at their phones surpasses the telly for the first time."
    },
    {
      "title": "Nato agrees to ramp up defence spending and says collective security is 'ironclad'",
      "source": "BBC World",
      "category": "world",
      "url": "https://www.bbc.com/news/articles/cj4en8djwyko",
      "published": "Wed, 25 Jun 2025 12:41:24 GMT",
      "summary": "The 32 leaders also said they were reaffirming their \"ironclad commitment to collective defence\"."
    },
    {
      "title": "Watch: Firefighters rescue girl trapped in drain for seven hours",
      "source": "BBC World",
      "category": "world",
      "url": "https://www.bbc.com/news/videos/cvg61e36nlko",
      "published": "Wed, 25 Jun 2025 11:22:34 GMT",
      "summary": "Rescue workers found the girl unharmed in the drain, after flooding stuck the area."
    },
    {
      "title": "India sends its first astronaut into space in 41 years",
      "source": "BBC World",
      "category": "world",
      "url": "https://www.bbc.com/news/articles/cz09lx2gjm4o",
      "published": "Wed, 25 Jun 2025 06:38:38 GMT",
      "summary": "Group Captain Shubhanshu Shukla has become only the second Indian to travel to space."
    },
    {
      "title": "Kodiak is using Vay’s remote driving tech in its self-driving trucks",
      "source": "TechCrunch",
      "category": "technology",
      "url": "https://techcrunch.com/2025/06/25/kodiak-is-using-vays-remote-driving-tech-in-its-self-driving-trucks/",
      "published": "Wed, 25 Jun 2025 12:50:07 +0000",
      "summary": "Kodiak Robotics has partnered with driverless car-sharing startup Vap to bring a remote-driving system into its self-driving trucks operation."
    },
    {
      "title": "Julie Bornstein’s Daydream is releasing an AI-powered chatbot for fashion-related shopping",
      "source": "TechCrunch",
      "category": "technology",
      "url": "https://techcrunch.com/2025/06/25/julie-bornsteins-daydream-is-releasing-an-ai-powered-chatbot-for-fashion-related-shopping/",
      "published": "Wed, 25 Jun 2025 12:00:00 +0000",
      "summary": "Ecommerce veteran Julie Bornstein's startup Daydream is releasing its AI-powered chatbot for shopping with a focus on fashion."
    },
    {
      "title": "New space startup Lux Aeterna wants to make satellites reusable",
      "source": "TechCrunch",
      "category": "technology",
      "url": "https://techcrunch.com/2025/06/25/new-space-startup-lux-aeterna-wants-to-make-satellites-reusable/",
      "published": "Wed, 25 Jun 2025 12:00:00 +0000",
      "summary": "Lux Aeterna, a Denver-based startup, is working on a reusable satellite that has attracted $4 million in pre-seeding funding from investors."
    },
    {
      "title": "The axion may help clean up the messy business of dark matter",
      "source": "Ars Technica",
      "category": "technology",
      "url": "https://arstechnica.com/science/2025/06/the-axion-may-help-clean-up-the-messy-business-of-dark-matter/",
      "published": "Wed, 25 Jun 2025 11:00:47 +0000",
      "summary": "We haven't found evidence of the theoretical particle, but it's still worth investigating."
    },
    {
      "title": "Discovery of HMS Endeavour wreck confirmed",
      "source": "Ars Technica",
      "category": "technology",
      "url": "https://arstechnica.com/science/2025/06/discovery-of-hms-endeavor-wreck-confirmed/",
      "published": "Tue, 24 Jun 2025 20:17:11 +0000",
      "summary": "“The timbers are British timbers. The size of all the timber scantlings are almost identical to <em>Endeavour</em>.\""
    },
    {
      "title": "Philips Hue bulbs will be even more expensive in July. And it may not end there.",
      "source": "Ars Technica",
      "category": "technology",
      "url": "https://arstechnica.com/gadgets/2025/06/philips-hue-bulbs-will-be-even-more-expensive-in-july-and-it-may-not-end-there/",
      "published": "Tue, 24 Jun 2025 20:07:34 +0000",
      "summary": "Some Hue products already cost more in the US than they do elsewhere."
    },
    {
      "title": "HDMI 2.2 will support 16K video at 60Hz",
      "source": "The Verge",
      "category": "technology",
      "url": "https://www.theverge.com/news/692052/hdmi-2-2-specification-released-96gbps-audio-sync-16k",
      "published": "2025-06-25T08:18:30-04:00",
      "summary": "After first announcing it at CES 2025, the HDMI Forum is finally releasing the new HDMI 2.2 specification to manufacturers today. Although there is no definitive timeline for how long it will take hardware makers to adopt the new specification, the first Ultra96 HDMI Cables, with bandwidth capabilit"
    },
    {
      "title": "The smaller Fairphone 6 introduces swappable accessories",
      "source": "The Verge",
      "category": "technology",
      "url": "https://www.theverge.com/news/692248/fairphone-6-smartphone-repairable-modular-accessories-murena",
      "published": "2025-06-25T08:12:25-04:00",
      "summary": "Fairphone has announced its latest repairable smartphone, nearly two years after introducing the last upgrade. The new Fairphone 6 is smaller and 9 percent lighter than its predecessor, but it includes a larger 4,415mAh battery — easily replaceable by removing just seven screws — that will power the"
    },
    {
      "title": "Veloretti just made one of the best e-bikes lighter and cheaper",
      "source": "The Verge",
      "category": "technology",
      "url": "https://www.theverge.com/news/692505/veloretti-two-lite-ivy-ace-belt-price-specs",
      "published": "2025-06-25T06:45:26-04:00",
      "summary": "Dutch bicycle brand Veloretti just announced a slimmed-down version of its excellent Electric Two series of electric bikes for European commuters. The step-over Ace Two Lite is a lighter and less expensive version of the very heavy Ace Two e-bike I reviewed back in 2023, which ditches the sublime En"
    },
    {
      "title": "Early Prime Day deals include $37 off our favorite air purifier",
      "source": "Engadget",
      "category": "technology",
      "url": "https://www.engadget.com/deals/early-prime-day-deals-include-37-off-our-favorite-air-purifier-143224492.html?src=rss",
      "published": "Wed, 25 Jun 2025 12:45:35 +0000",
      "summary": "<p><a href=\"https://www.engadget.com/deals/prime-day-2025-when-amazons-sales-event-begins-early-deals-already-live-plus-everything-else-you-need-to-know-120028256.html\">Prime Day 2025</a> is coming soon on July 8-11, but you don't have to wait to grab good tech deals — and that goes for everyone, no"
    },
    {
      "title": "Blink security cameras are up to 62 percent off ahead of Prime Day",
      "source": "Engadget",
      "category": "technology",
      "url": "https://www.engadget.com/cameras/blink-security-cameras-are-up-to-62-percent-off-ahead-of-prime-day-143043844.html?src=rss",
      "published": "Wed, 25 Jun 2025 11:59:08 +0000",
      "summary": "<p>If you're looking to buy some affordable wireless security cameras, it's the perfect time to grab several from Amazon. <a class=\"rapid-with-clickid\" href=\"https://shopping.yahoo.com/rdlw?merchantId=66ea567a-c987-4c2e-a2ff-02904efde6ea&amp;siteId=us-engadget&amp;pageId=1p-autolink&amp;contentUuid="
    },
    {
      "title": "Google's Imagen 4 text-to-image model promises 'significantly improved' boring images",
      "source": "Engadget",
      "category": "technology",
      "url": "https://www.engadget.com/ai/googles-imagen-4-text-to-image-model-promises-significantly-improved-boring-images-111711517.html?src=rss",
      "published": "Wed, 25 Jun 2025 11:17:11 +0000",
      "summary": "<p>Google has <a href=\"https://developers.googleblog.com/en/imagen-4-now-available-in-the-gemini-api-and-google-ai-studio/\">unveiled</a> its latest text-to-image model Imagen 4 with the usual promise of &quot;significantly improved text rendering&quot; over the previous version, <a href=\"https://www"
    },
    {
      "title": "CareerBuilder and Monster job boards, file for bankruptcy",
      "source": "Hacker News",
      "category": "technology",
      "url": "https://www.reuters.com/legal/litigation/careerbuilder-monster-which-once-dominated-online-job-boards-file-bankruptcy-2025-06-24/",
      "published": "Wed, 25 Jun 2025 12:19:13 +0000",
      "summary": "<p>Article URL: <a href=\"https://www.reuters.com/legal/litigation/careerbuilder-monster-which-once-dominated-online-job-boards-file-bankruptcy-2025-06-24/\">https://www.reuters.com/legal/litigation/careerbuilder-monster-which-once-dominated-online-job-boards-file-bankruptcy-2025-06-24/</a></p>\n<p>Com"
    },
    {
      "title": "Kid gamers to adult gamblers? Investigation of childhood gaming and YA gambling",
      "source": "Hacker News",
      "category": "technology",
      "url": "https://www.tandfonline.com/doi/full/10.1080/14459795.2025.2488867",
      "published": "Wed, 25 Jun 2025 12:15:34 +0000",
      "summary": "<p>Article URL: <a href=\"https://www.tandfonline.com/doi/full/10.1080/14459795.2025.2488867\">https://www.tandfonline.com/doi/full/10.1080/14459795.2025.2488867</a></p>\n<p>Comments URL: <a href=\"https://news.ycombinator.com/item?id=44376398\">https://news.ycombinator.com/item?id=44376398</a></p>\n<p>Po"
    },
    {
      "title": "Third places and neighborhood enterpenuership: Evidence from Starbucks cafes",
      "source": "Hacker News",
      "category": "technology",
      "url": "https://thetreeoflife.cc/demo",
      "published": "Wed, 25 Jun 2025 12:10:21 +0000",
      "summary": "<p>Article URL: <a href=\"https://thetreeoflife.cc/demo\">https://thetreeoflife.cc/demo</a></p>\n<p>Comments URL: <a href=\"https://news.ycombinator.com/item?id=44376362\">https://news.ycombinator.com/item?id=44376362</a></p>\n<p>Points: 9</p>\n<p># Comments: 17</p>"
    },
    {
      "title": "Health Secretary Wants Every American To Be Sporting a Wearable Within Four Years",
      "source": "Slashdot",
      "category": "technology",
      "url": "https://yro.slashdot.org/story/25/06/25/0121227/health-secretary-wants-every-american-to-be-sporting-a-wearable-within-four-years?utm_source=rss1.0mainlinkanon&utm_medium=feed",
      "published": "",
      "summary": "Health and Human Services Secretary Robert F. Kennedy Jr. announced a major federal campaign to promote wearable health tech, aiming for every American to adopt a device within four years as part of a broader effort to \"Make America Healthy Again.\" Gizmodo reports: RFK Jr. announced the initiative T"
    },
    {
      "title": "Researchers Discover How Caffeine Could Slow Cellular Aging",
      "source": "Slashdot",
      "category": "technology",
      "url": "https://science.slashdot.org/story/25/06/25/0112252/researchers-discover-how-caffeine-could-slow-cellular-aging?utm_source=rss1.0mainlinkanon&utm_medium=feed",
      "published": "",
      "summary": "alternative_right shares a report from Phys.Org: In new research published by scientists studying fission yeast&#226;\"a single-celled organism surprisingly similar to human cells&#226;\"researchers found that caffeine affects aging by tapping into an ancient cellular energy system. A few years ago, t"
    },
    {
      "title": "Meta's Massive AI Data Center Is Stressing Out a Louisiana Community",
      "source": "Slashdot",
      "category": "technology",
      "url": "https://tech.slashdot.org/story/25/06/24/221211/metas-massive-ai-data-center-is-stressing-out-a-louisiana-community?utm_source=rss1.0mainlinkanon&utm_medium=feed",
      "published": "",
      "summary": "An anonymous reader quotes a report from 404 Media: A massive data center for Meta's AI will likely lead to rate hikes for Louisiana customers, but Meta wants to keep the details under wraps. Holly Ridge is a rural community bisected by US Highway 80, gridded with farmland, with a big creek -- it is"
    }
  ]
}