cluster,customer_name,reference 1,cache_path
Squad A,Acme Corporation,https://www.example.com/acme-annual-report.pdf,acme_corporation
Squad A,Beta Industries,https://www.example.com/beta-financial-statement.pdf,beta_industries
Squad B,Gamma Tech Solutions,https://www.example.com/gamma-investor-relations.pdf,gamma_tech_solutions
Squad B,Delta Manufacturing,https://www.example.com/delta-sustainability-report.pdf,delta_manufacturing
Squad C,Epsilon Global Services,https://www.example.com/epsilon-quarterly-earnings.pdf,epsilon_global_services