{
  "company_info": {
    "name": "Your Company Name",
    "description": "Brief company description"
  },
  "industries": [
    {
      "name": "Financial Services",
      "specialties": ["Banking", "Insurance", "Investment Management"],
      "key_products": ["Core Banking Platform", "Risk Management Suite"],
      "competitive_advantages": ["20+ years experience", "SOX compliance"],
      "information_links": ["https://company.com/financial-services"]
    },
    {
      "name": "Healthcare",
      "specialties": ["EMR Integration", "HIPAA Compliance"],
      "key_products": ["Health Data Platform", "Patient Portal"],
      "competitive_advantages": ["HIPAA certified", "FDA validated"],
      "information_links": ["https://company.com/healthcare"]
    }
  ],
  "products": [
    {
      "name": "Product Name",
      "category": "Software/Hardware/Service",
      "target_industries": ["Financial Services", "Healthcare"],
      "key_features": ["Feature 1", "Feature 2"],
      "competitive_advantages": ["Advantage 1", "Advantage 2"],
      "information_links": ["https://product-info.com"]
    }
  ],
  "specialties": [
    {
      "name": "Cloud Migration",
      "description": "Enterprise cloud transformation",
      "applicable_industries": ["All"],
      "competitive_advantages": ["99.9% uptime", "Zero downtime migration"],
      "information_links": ["https://cloud-services.com"]
    }
  ]
}