{
  "keyword_counts": {
    "artificial_intelligence": 14,
    "technology": 7,
    "business": 5,
    "market": 3,
    "innovation": 3,
    "startup": 3,
    "data": 6,
    "quantum": 3,
    "cyberwarfare": 2,
    "gaming": 2,
    "ai": 14,
    "tools": 4,
    "samsung": 2,
    "jbl": 2,
    "bluetooth": 2,
    "starship": 2,
    "genetic": 2,
    "healthtech": 2,
    "mental_illness": 1,
    "oled": 2,
    "hearingaids": 1,
    "virtualproduction": 1,
    "sword": 1,
    "rainbowsix": 1,
    "deepseek": 3,
    "audi": 1,
    "honda": 1,
    "rocket": 1,
    "content": 1,
    "limewire": 1,
    "studio": 1,
    "smartglasses": 1,
    "robot": 2,
    "apple": 3,
    "iran": 6,
    "vacuum": 1,
    "oil": 1,
    "housing": 1,
    "van": 1,
    "assisted": 1,
    "meta": 1,
    "disney": 1,
    "superintelligence": 1,
    "conversion": 1,
    "blackmail": 2,
    "restriction": 2,
    "fed": 1,
    "interest": 1
  },
  "trend_counts": {
    "Technology Trends": 5,
    "Business Developments": 3,
    "AI Tools": 4,
    "Quantum Computing": 2,
    "Gaming": 3,
    "SpaceX Starship": 1,
    "Cyberwarfare": 1,
    "Autonomous Vehicles Rivalry": 1,
    "Data Center Energy Consumption and Infrastructure Growth": 1,
    "Meta Acquisitions": 1,
    "Rare earth mineral squeeze": 1,
    "NASA stargazing initiative": 1,
    "AI Blackmail Rate": 1,
    "Fed interest rate decisions impact on tech sector": 1,
    "China Real Estate Woes": 1,
    "Hospital Cyber Attacks": 1,
    "Open Source Models": 2,
    "Cybersecurity": 1,
    "Hardware": 1,
    "Robot Vacuum": 2,
    "Apple Deals": 2,
    "Disney Copyright Lawsuit": 1,
    "Superintelligence": 1
  },
  "weekly_summary": "**Weekly News Summary (2025-06-19 to 2025-06-23)**\n\n**Major Breaking News and Headlines:**\n\nThe week's headlines were dominated by geopolitical tensions, particularly between the U.S. and Iran. On June 22nd, the U.S. conducted strikes on Iranian nuclear sites, prompting counterattacks from Iran. These escalations had significant market repercussions, notably affecting Israeli stocks that surged amid expectations of conflict resolution.\n\n**Economic and Political Developments:**\n\nGeopolitics continued to intertwine with economic and business news throughout the week. The U.S.-Iran conflict was a recurring theme, influencing market volatility and corporate strategies. In particular, Israeli businesses seemed to benefit from the anticipated resolution of tensions, as reflected in rising stock values. \n\nOn June 21st, Bloomberg reported on Russia's top oil executive discussing OPEC+, suggesting potential shifts in global energy policies. Meanwhile, CNBC highlighted China's property sector challenges due to demographic changes and Greenland's reluctance to embrace large-scale mining, underscoring global economic diversification trends.\n\n**Technology and Social Trends:**\n\nIn the technology realm, Artificial Intelligence (AI) remained a prominent topic. Forbes Technology featured Ecolab's strategic emphasis on Data and AI for future growth, while Fast Company reported Cisco quietly preparing for an AI-driven transformation. A genetic study on mental illness risk from Forbes Technology highlighted advancements in healthtech.\n\nAutonomous vehicles also made headlines, with Amazon’s Zoox and Tesla being mentioned amid discussions about their development and market implications. The cybersecurity landscape evolved as pro-Israel hackers disrupted an Iranian crypto exchange on June 18th. \n\nSocially, 'Van Life 2.0' emerged as a trend, with Fast Company reporting on customized vans for road trips, reflecting a growing interest in sustainable travel and alternative lifestyles. In the UK, an assisted dying debate was sparked, highlighting ongoing ethical discussions around end-of-life choices.\n\n**Key Implications and Outlook:**\n\nThe heightened geopolitical tensions between the U.S. and Iran created a volatile environment for global markets, with potential economic repercussions extending to tech companies. The ongoing AI race among corporations like Meta, OpenAI, and Microsoft pointed towards intensifying competition in this field, likely driving further innovation.\n\nThe technology sector's focus on autonomous vehicles, data centers, and renewable energy storage solutions indicated a shift toward sustainable and smart technologies. Simultaneously, cybersecurity threats were evident, as seen in the hacking incident targeting an Iranian crypto exchange.\n\nIn the business world, market volatility, deal flow, and investor sentiment towards job creators remained crucial factors. The geopolitical situation was expected to continue impacting these dynamics, possibly leading to shifts in investment strategies and corporate risk assessments. \n\nOverall, this week's news cycle underscored the interconnectedness of geopolitics, economics, technology, and social trends, each influencing the others in profound ways.",
  "date_range": "2025-06-18 to 2025-06-23",
  "total_days_analyzed": 6,
  "files_analyzed": [
    "current_events_analysis_20250623_095543.json",
    "current_events_analysis_20250622_063005.json",
    "current_events_analysis_20250619_134214.json",
    "current_events_analysis_20250618_110313.json",
    "current_events_analysis_20250621_062242.json",
    "current_events_analysis_20250620_225815.json"
  ],
  "generated_date": "2025-06-23T10:08:10.978178",
  "analysis_end_date": "2025-06-23",
  "cache_version": "1.0",
  "filename": "week_review_2025-06-23.json"
}