{
  "keyword_counts": {
    "technology": 8,
    "ai": 7,
    "usa": 4,
    "trade": 3,
    "iran": 3,
    "tesla": 3,
    "uk": 3,
    "china": 2,
    "google": 2,
    "nato": 2,
    "borderlands": 2,
    "quantum": 2,
    "gaming": 2,
    "startups": 2,
    "innovation": 2,
    "tools": 2,
    "data": 2,
    "samsung": 2,
    "speakers": 2,
    "calorierestriction": 1,
    "nuclear": 1,
    "trump": 1,
    "conflict": 1,
    "israel": 1,
    "stock": 1,
    "jbl": 1,
    "bluetooth": 1,
    "firefighters": 1,
    "girl": 1,
    "celestial": 1,
    "image": 1,
    "revolutionary": 1,
    "telescope": 1,
    "openai": 1,
    "federal": 1,
    "regulators": 1,
    "middleman": 1,
    "mobile": 1,
    "tariff": 1,
    "deal": 1,
    "fast": 1,
    "tech": 1,
    "demand": 1,
    "cheap gadgets": 1,
    "council": 1,
    "tax": 1,
    "billions": 1,
    "ivf": 1
  },
  "trend_counts": {
    "AI developments": 5,
    "Tech product updates/launches": 4,
    "Business and product launches": 3,
    "Technological advancements (AI, telescope)": 2,
    "Consumer electronics": 2,
    "Geopolitical impacts (oil prices, Iran ceasefire)": 2,
    "Technology trends": 2,
    "Business developments": 2,
    "Robot Vacuum": 2,
    "Gaming": 2,
    "Quantum Computing": 2,
    "Space exploration": 2,
    "Self-driving vehicles": 2,
    "AI copyright battles/AI tools": 2,
    "Affordable technology demand": 1,
    "Trade disputes": 1,
    "App store openness": 1,
    "Food waste solutions": 1,
    "Judicial rulings": 1,
    "Council tax debt/IVF costs": 1
  },
  "weekly_summary": "**Major Breaking News and Headlines:**\n\nThe week started with a significant geopolitical event on June 22nd, involving escalating tensions between the US and Iran. The US carried out strikes against Iranian nuclear sites, prompting retaliatory attacks from Iran. These military actions sent shockwaves through global markets, notably boosting Israeli stocks due to expectations of conflict resolution. \n\nOn June 23rd, connectivity issues prevented the collection of headlines, which were likely to resume once the problem was resolved. This temporary setback did not disrupt the flow of information on other days.\n\n**Economic and Political Developments:**\n\nPolitically, the US-Iran conflict dominated discussions, affecting global market stability. Economically, news from various sectors emerged, such as concerns over council tax debt and rising IVF costs in the UK (June 25th). In business news, hiring practices were under scrutiny, and housing market forecasts were a hot topic (June 21st). \n\nGeopolitical events also influenced tech company updates. For instance, Tesla's robotaxi launches in Texas faced initial challenges, potentially tied to the broader geopolitical context (June 24th). Meanwhile, the demand for affordable technology was highlighted amid international trade disputes leading to plant closures (June 26th).\n\n**Technology and Social Trends:**\n\nIn technology, AI was a recurring theme. There were discussions around Congress blocking state AI laws (June 24th) and Anthropic's tracking of AI's economic impact (also June 24th). Meanwhile, Pornhub implemented age checks, sparking conversations about digital content regulation (June 27th). \n\nOn the consumer electronics front, JBL launched updated Bluetooth speakers (June 25th), and Tesla was in the news for losing executives (also June 25th). The drone industry's growth in military applications and legal battles over AI copyright were also significant trends (June 26th). \n\nSocial trends included the 'Van Life 2.0' movement with customized vans for road trips, as reported by Fast Company (June 21st), and a debate on assisted dying in the UK (also June 21st). Google's improvements to its lost items tracking feature were anticipated ahead of Prime Day (June 26th).\n\n**Key Implications and Outlook:**\n\nThe geopolitical tensions between the US and Iran had far-reaching implications, influencing not just international relations but also tech company operations and consumer confidence. The ongoing conflict underscores the interconnectedness of global events and their impact on various sectors, from technology to real estate.\n\nTechnologically, AI remains a double-edged sword, promising advancements while raising ethical concerns and regulatory challenges. The tech industry's rapid pace continues to shape social trends, with innovations like 'Van Life 2.0' reflecting changing lifestyle preferences driven by technology.\n\nLooking ahead, the resolution of geopolitical conflicts will likely influence market stability and business strategies. Meanwhile, AI development is set to continue reshaping industries, necessitating robust governance frameworks to manage potential risks and harness opportunities effectively.",
  "date_range": "2025-06-21 to 2025-06-27",
  "total_days_analyzed": 7,
  "files_analyzed": [
    "current_events_analysis_20250627.json",
    "current_events_analysis_20250626_072400.json",
    "current_events_analysis_20250625_090014.json",
    "current_events_analysis_20250624_044012.json",
    "current_events_analysis_20250623_095543.json",
    "current_events_analysis_20250622_063005.json",
    "current_events_analysis_20250621_062242.json"
  ],
  "generated_date": "2025-06-27T20:01:12.454478",
  "analysis_end_date": "2025-06-27",
  "cache_version": "1.0",
  "filename": "week_review_2025-06-27.json"
}